{"EnemiesDate":[{"Position":{"x":241.4936065673828,"y":-44.22999954223633},"Live":false},{"Position":{"x":35.90361022949219,"y":-5.979996681213379},"Live":false},{"Position":{"x":18.613723754882814,"y":-7.718617916107178},"Live":false}],"PlayerDate":[{"Position":{"x":111.0,"y":-1.1215354204177857},"Live":false}],"gameTimer":298.9315185546875,"HP":1.0,"getCoin":false,"eventSave":false}
